{
    "accuracy": 0.8698039215686274,
    "precision": 0.8221614227086184,
    "recall": 0.9434850863422292,
    "f1_score": 0.8786549707602339,
    "confusion_matrix": [
        [
            508,
            130
        ],
        [
            36,
            601
        ]
    ]
}