{
    "accuracy": 0.8530612244897959,
    "precision": 0.5084745762711864,
    "recall": 0.27522935779816515,
    "f1_score": 0.35714285714285715,
    "confusion_matrix": [
        [
            597,
            29
        ],
        [
            79,
            30
        ]
    ]
}