{"model_accuracy": 0.9413064493854439, "samples_used": 72407, "avg_duration": 91.22510991110435}