{
    "0": {
        "precision": 0.8997762863534675,
        "recall": 0.9645083932853717,
        "f1-score": 0.9310185185185185,
        "support": 2085.0
    },
    "1": {
        "precision": 0.6558139534883721,
        "recall": 0.3863013698630137,
        "f1-score": 0.4862068965517241,
        "support": 365.0
    },
    "accuracy": 0.8783673469387755,
    "macro avg": {
        "precision": 0.7777951199209199,
        "recall": 0.6754048815741928,
        "f1-score": 0.7086127075351213,
        "support": 2450.0
    },
    "weighted avg": {
        "precision": 0.863430877579688,
        "recall": 0.8783673469387755,
        "f1-score": 0.8647506646336696,
        "support": 2450.0
    }
}