{
    "0": {
        "precision": 0.9952734638757597,
        "recall": 0.6939736346516008,
        "f1-score": 0.817753120665742,
        "support": 2124.0
    },
    "1": {
        "precision": 0.32920536635706915,
        "recall": 0.9785276073619632,
        "f1-score": 0.49266409266409267,
        "support": 326.0
    },
    "accuracy": 0.7318367346938776,
    "macro avg": {
        "precision": 0.6622394151164144,
        "recall": 0.8362506210067819,
        "f1-score": 0.6552086066649173,
        "support": 2450.0
    },
    "weighted avg": {
        "precision": 0.906645627226334,
        "recall": 0.7318367346938776,
        "f1-score": 0.7744963765316449,
        "support": 2450.0
    }
}