{
    "model_accuracy": 0.9545454545454546,
    "metrics": {
        "precision": 0.9230769230769231,
        "recall": 0.9230769230769231,
        "f1_score": 0.9230769230769231
    },
    "confusion_matrix": [
        [
            30,
            1
        ],
        [
            1,
            12
        ]
    ],
    "summary": {
        "total": 144,
        "conflicts": 44,
        "safe": 100
    },
    "sample_risks": [
        "BER7213 -AZA63C  ",
        "BER7213 -KAC414  ",
        "DAL1551 -AAL48   ",
        "DAL1551 -ALK504  ",
        "DAL1551 -SKW5490 ",
        "DAL1551 -UAL517  ",
        "SKW5593 -N9450E  ",
        "SKW5593 -HVN301  ",
        "SKW5593 -ASH6008 ",
        "SKW5593 -AAL325  "
    ]
}