{
    "model_accuracy": 0.8530612244897959,
    "metrics": {
        "precision": 0.5084745762711864,
        "recall": 0.27522935779816515,
        "f1_score": 0.35714285714285715
    },
    "confusion_matrix": [
        [
            597,
            29
        ],
        [
            79,
            30
        ]
    ],
    "summary": {
        "total": 2450,
        "conflicts": 365,
        "safe": 2085
    },
    "sample_risks": [
        "Pair 1 \u2192 Risk: 0.0 (Safe)",
        "Pair 2 \u2192 Risk: 0.114 (Safe)",
        "Pair 3 \u2192 Risk: 0.0 (Safe)",
        "Pair 4 \u2192 Risk: 0.163 (Safe)",
        "Pair 5 \u2192 Risk: 0.001 (Safe)",
        "Pair 6 \u2192 Risk: 0.116 (Safe)",
        "Pair 7 \u2192 Risk: 0.0 (Safe)",
        "Pair 8 \u2192 Risk: 0.267 (Safe)",
        "Pair 9 \u2192 Risk: 0.0 (Safe)",
        "Pair 10 \u2192 Risk: 0.135 (Safe)"
    ]
}